fighter,fighter_odds,opponent,opponent_odds
Edgar Chairez,+600,Tatsuro Taira,−850
Kamuela Kirk,+155,Esteban Ribovics,−180
Shannon Ross,+155,Jesus Santos Aguilar,−180
Cameron Saaiman,−450,Terrence Mitchell,+340
Vitor Petrino,−275,Marcin Prachnio,+230
Jimmy Crute,−115,Alonzo Menifield,−105
Yazmin Jauregui,−390,Denise Gomes,+320
Robbie Lawler,+215,Niko Price,−255
Bo Nickal,−1250,Tresean Gore,+800
Jalin Turner,−255,Dan Hooker,+205
Robert Whittaker,−410,Dricus Du Plessis,+310
Brandon Moreno,−200,Alexandre Pantoja,+170
Alexander Volkanovski,−410,Yair Rodriguez,+310
Albert Duraev,+135,Junyong Park,−155
Holly Holm,−155,Mayra Bueno Silva,+135
Norma Dumont,−130,Chelsea Chandler,+110
Tom Aspinall,−440,Marcin Tybura,+330
Michael Chiesa,+150,Kevin Holland,−175
Derrick Lewis,−110,Marcos Rogerio De Lima,−110
Stephen Thompson,−215,Michel Pereira,+185
Paulo Costa,+105,Ikram Aliskerov,−125
Tony Ferguson,+275,Bobby Green,−330
Jan Blachowicz,−150,Alex Pereira,+130
Dustin Poirier,−130,Justin Gaethje,+110
Ikram Aliskerov,−115,Paulo Costa,−105
Kevin Holland,−175,Michael Chiesa,+150
Aljamain Sterling,−255,Sean O'Malley,+215
Alexa Grasso,+195,Valentina Shevchenko,−230
Curtis Blaydes,+125,Jailton Almeida,−145
Conor McGregor,−110,Michael Chandler,−110
Leon Edwards,−110,Colby Covington,−110
Jon Jones,−320,Stipe Miocic,+265
Khamzat Chimaev,−350,Paulo Costa,+290
Islam Makhachev,−285,Charles Oliveira,+240
