fighter,fighter_odds,opponent,opponent_odds
Edgar Chairez,+625,Tatsuro Taira,−900
Kamuela Kirk,+175,Esteban Ribovics,−205
Shannon Ross,+170,Jesus Santos Aguilar,−200
Cameron Saaiman,−450,Terrence Mitchell,+360
Vitor Petrino,−275,Marcin Prachnio,+230
Jimmy Crute,−115,Alonzo Menifield,−105
Yazmin Jauregui,−410,Denise Gomes,+330
Robbie Lawler,+220,Niko Price,−260
Bo Nickal,−1250,Tresean Gore,+800
Jalin Turner,−240,Dan Hooker,+200
Robert Whittaker,−390,Dricus Du Plessis,+320
Brandon Moreno,−200,Alexandre Pantoja,+170
Alexander Volkanovski,−390,Yair Rodriguez,+320
Norma Dumont,−130,Chelsea Chandler,+110
Holly Holm,−155,Mayra Bueno Silva,+135
Albert Duraev,+135,Junyong Park,−155
Michael Chiesa,+150,Kevin Holland,−175
Derrick Lewis,−110,Marcos Rogerio De Lima,−110
Stephen Thompson,−215,Michel Pereira,+185
Paulo Costa,+105,Ikram Aliskerov,−125
Tony Ferguson,+275,Bobby Green,−330
Jan Blachowicz,−150,Alex Pereira,+130
Dustin Poirier,−130,Justin Gaethje,+110
Kevin Holland,−175,Michael Chiesa,+150
Ikram Aliskerov,−115,Paulo Costa,−105
Aljamain Sterling,−255,Sean O'Malley,+215
Alexa Grasso,+195,Valentina Shevchenko,−230
Curtis Blaydes,+125,Jailton Almeida,−145
Jon Jones,−320,Stipe Miocic,+265
Leon Edwards,−110,Colby Covington,−110
Conor McGregor,−110,Michael Chandler,−110
Khamzat Chimaev,−350,Paulo Costa,+290
Islam Makhachev,−285,Charles Oliveira,+240
